id_from,id_to
b4aabea9-1589-4099-b926-b6f818ae7717,1e874097-3ee7-4501-9c70-e32e2ce04513
33e36ca6-09c5-4300-a55a-91b2ca14b9b5,d14e2d91-0e99-4f8d-b5b7-712361bea13e
66e14dbd-9bc1-40e4-8402-cd903fdbbe77,a076a6ce-02b6-4336-ac34-e1bbf4056a78
d5e71168-f41a-4329-858d-afaf56d2c71b,649e2925-0a63-4bf7-9c18-0b2eb00ab53e
e76a03f8-c12d-42e3-956c-e0a850012c89,7a7f07e0-cdbe-49fb-be3a-6bb8a0c3f8d1
9f8761f5-982f-496e-a343-a326b69021f8,da5fced0-1c76-4ca5-8a13-50df8c7eadab
9eaa8454-8b9f-4206-8eb2-b6ed61fab4c4,cb784ae8-d2c3-460f-b4c9-015d03cbb30a
52dcbb64-9ec1-4710-af46-d098a76724be,ad8a6402-2bd3-4e5e-88fe-73214e2f2a16
09ceebf9-797a-4827-a9b6-94a1edab7235,df068052-58ef-482f-be48-62ef4ea8672f
ffa66877-4e92-49d4-b1bb-decfb29f7560,eb280377-8128-4cca-bb03-338acb95185e
d80c0655-b4dc-45a7-a1a0-63e478afd7dc,61070bdc-386f-4b4f-aa72-8137dcca8987
3289c9ed-907a-47b8-8162-ed37237a17b1,b4906ad1-515e-4822-b1a4-f4b7da02b02b
106fecaa-13a8-419b-bab4-8cd8508b822b,836bd3de-f973-4d5d-be2e-e13fb2e8f7b2
d3a4661f-9553-482d-a131-a601f214fecc,ae3d1ab2-50b6-40b9-a418-75a354fd8a95
d319fcf6-115d-457c-b5b1-c12fe9bc90a5,0696df1c-c854-48ce-bdd3-893635db151c
0a098988-d52a-4b03-b519-d2b466fce09c,076bf6dd-223f-43c8-87c9-3f8baaa57f20
513c4a9a-9159-4641-9067-87eb300ae5b3,ed756414-079c-43d0-b2e5-28099282003b
cfb0cb6d-97cc-4cea-ba60-f438c7fac714,572a061e-7a15-4501-a8dd-960c44b9c9f2
4c982598-2a93-407f-8f48-e63ec2f15fc4,dc6cd25a-1e03-4b09-ad34-de42aa25fb0c
8ad41442-0334-4d46-b1ea-548ed71dc9cf,ab6687cc-b0b3-4196-b866-8a7b0a60517b
82a978e3-a08c-4a96-b4e2-61ba2d909732,28358ef0-e7c6-48d5-bd4e-5e1065c47581
36e128cf-ed72-4e16-8525-bb0bebed0cc6,c51dbc00-488b-4cb8-be00-1aaa0f26563e
5fad23f3-201f-4ec0-9ef7-712b8cb4b103,6abb7918-5429-49cc-bcfc-caaf2a9d2f6d
b82a9442-19a9-4cb1-8942-65a6cea80ed5,4ef41c24-77fc-4b54-95f8-0efdd49ed794
aa412022-e213-4a79-b14a-d664a3a6e3b2,f239c10a-9ef3-4a5c-950e-d79803039fe2
5528eda6-912b-44c1-9b33-cdc6a6a7e5e9,1ae6fb1e-a1c8-4acb-a20f-a203fb3b6209
3b8713e9-e288-441c-8b35-e7436e0ea278,3bbcb069-0ba4-4922-947e-990bcf89eed1
da35a143-f6ca-4891-b3c6-114a09818c18,2834c846-d742-486f-961d-c797f2c17de7
0d0ef528-3efb-4c84-af7b-5e5143bb1786,09fa3bde-b865-4deb-9198-8689a31a8f35
b7098237-3a89-4cc1-97fc-2e0c6bbd09cf,90092263-2cbf-42dc-a690-648161dc3e6f
c8ff1d3c-5a0a-4b0d-9927-656fee95696b,0641d0ee-9ea1-4242-a459-2a8662e53132
e4190b1f-9c82-4ec4-9091-b3fea16ced6a,ad6c2d58-a891-41e7-9ccf-4dc5c67a8c94
9f185bb2-dc65-48ea-8686-eb9f5bf125e5,b1f3bdeb-18ef-4a05-97d9-2f41f75619a0
0b7c422d-d4bc-4866-86a0-786aa9434ad0,270b30fd-9cda-45f6-9856-332d6e673e34
277ab086-c0be-4183-bed1-31c766c8917c,314cf5a3-5aec-42ad-815e-a5cf9b46313b
a13404f6-e146-4d27-88a4-e65970697c6d,fec11283-fa05-41dc-b17e-5a2d965112cf
c086738e-3e08-440b-9401-98588e7a84dd,cc9b3ba5-2914-400a-84a7-48780657b753
c14e53a3-eb93-4a22-a551-acbff6b81419,3156933d-f02c-4a2a-afda-b1bd0e3900f9
100a2e77-4cbc-4afb-b3da-78a55c81e953,70bd1647-4716-4963-b8fc-d68d24f5237d
b1ae4e9b-9647-4a96-9b6e-96e05f04580b,70d77ad9-1579-48fa-81fa-e766998da818
2c3ad5e3-8951-4687-8822-ab0f3b049d19,af605cb9-6e2c-463f-a4f1-476e6cf86fb4
96c9cd8e-cffe-49ab-a15a-771c98d10b65,3f9e42e8-24f7-4577-a61e-8914fd493c27
1eea8b3b-7812-45ef-b11d-d1d8d920b606,97214c75-f49c-4f12-a2a6-0f8a6d906041
ce77181b-d4cb-4f04-a3d8-3f46ceb6dad6,96c5c776-2425-4094-ae61-8915def47940
06086820-1b45-4795-8a8f-6069a8db88f0,3f7814d8-7d88-46e5-8ac0-146bc1c0fef1
35bc1047-97b8-47d9-bd4d-0202d2a296cd,0f4af9d0-2e4a-4bf5-9cec-2831858c50a6
338a4df0-de1b-4af9-983c-624c8c93af1b,cf56c79e-681c-4ce1-a0c4-9264345f1d06
a7f5331d-4f57-452f-a459-9d641c140ea8,cfe1fbc8-3930-4306-a5c1-ba744683ac11
c7296aa8-178f-4815-8696-8d4f508bc6f6,79b4ef69-c0b5-437e-91f1-b720e4770d84
24bc9dbb-3e42-42a4-bbe4-d3ca846a4464,5e24b804-34be-4b59-a6a0-b42d966c73f7
f786eec6-2fd1-4724-b9de-c9249efa6b71,d7c82868-a434-4cbd-9024-b34b04df90f7
7cd0ce88-8941-4a44-9b85-d70751a1057a,1bd1a84d-1685-49ba-a04d-31c9ad8cb7d8
cfdb6427-34ff-4a9e-b4a2-65d8b066d08a,0a219bf1-ee15-4091-bbd5-788fe33c5dfe
60edbf30-70a0-4274-839a-94efc6b4bb3a,7cfbeb3b-0b19-451c-a443-b17e88c86f9d
afff60f6-2350-4b6a-909d-a0328db783e3,e53f4d6a-c780-4b80-a225-9310dddc0ea9
fe920567-9eee-468a-b405-98bf73b49d95,a41bec80-91d4-4369-906f-36a229759e7c
970603c2-8a3a-4d46-9bd7-7d762c681efb,840e5015-59fc-439f-853f-9c6757c309a8
965ca71c-d3cd-421f-bfc8-d3994c43d585,bfb293fa-e7f8-46bc-bdd4-8843e717c6c5
28cb6a8a-1589-4a54-b46b-f3dea56641b1,f449b4bf-af95-4b7e-a924-f5817f844e2a
63e35836-b8b4-40b2-88da-8027e2ae1161,ef9f3f3c-beb6-4c90-9d0e-d170426514b5
6156f8ef-3781-4bc4-a41c-1691d8bdff59,4e079e88-a7b5-49c1-a808-ac2cf51002ee
08817f04-e49b-4cec-a5cc-94f3ab94e37f,fcae4df8-3f63-4366-9410-bb779dbdaf17
8ff8c15e-cbd3-4c9a-83c6-697dcee699b4,f2719805-40fa-4a91-baf0-dd8ca4573dc1
9a493f39-be0c-471d-b5f5-3e18d78e4562,d6460d17-76a9-4c8a-9a71-bcd4e56dee22
df926c2d-4596-412c-b064-3588e096f5f8,c5c7fdd8-6803-4f36-9bed-a43addd1e496
0ba632c7-d818-487e-9e26-d9cb343c7944,9d37a560-e424-4144-88e0-ca8549bd3eaf
1997eb30-74ca-440c-bae1-337c8509fdf0,a3f68687-6067-43a0-8f00-c442cc07cbf5
50e10942-af94-451f-bbb4-774538852d2e,bb395a53-6784-4054-890e-4a20baf1366a
d8aa234a-8866-459a-b173-63ab52ed4cd3,bd11f243-798c-4d55-9fd8-a283c3e19ce5
28556cf9-c96f-4878-9403-b62d9a042b20,5042b6c9-9d4f-4b52-9bea-4fb11beb78b2
f2d659fc-5991-4627-966e-7f7a39779ed0,16350472-e6f5-45ac-abb0-07002f53395d
7533bea9-6ccc-4678-920d-3ac5dd64b707,3b8df5bc-5b5b-460a-9b01-d77593e6e9cf
37ae4a9e-0ae0-44ed-a25b-dd6991a4826d,c60f1e46-d7e3-4ba9-a7b0-28faa1eb19e8
8e5b8c94-8b07-4084-a1e3-292b2fac78a3,12722170-3a4b-41be-87cc-23c71121f308
117d7845-f73a-4393-8996-4067d1a19b27,bac18063-33c7-410e-914e-f699f2977434
5acb919b-1199-4c56-816b-93d6af28c0ed,50ecf96b-9962-48a9-af95-7048ca839613
5cca865a-fca5-449f-96d2-b2d809dcf8c7,cdf4f54c-2a9d-4faf-960e-dd4468d15c13
b776fbdd-0db1-465d-854b-42803f818220,b6543c60-c3d1-42fc-991a-e3c12dc71986
fb314875-5b6c-409d-a23c-d48234b64e69,6b6cc247-3fa0-4f31-b71f-e0e76b91b982
ffefb65e-d88f-476c-85f2-6cda89be5eb5,44605553-266e-4fb7-9ead-47eb4bf87a80
93052d89-0b36-4633-8859-a7e8fa834e4c,f2d82fb8-c4ec-49cf-87fe-0c6928f28bcd
8a0b4fb8-b305-407c-885c-43d96d20b57d,c9e38055-441f-4408-91ea-783a7f4e96d3
acf6724b-0f95-4299-a5e3-64b772376ffa,cd90d413-b18b-49b5-b979-32092381d309
d784cef2-d32f-4f08-a5d7-0a0ab8bf12af,75058e78-1179-4e90-9bc0-70740330d47a
eb2bf2ce-774a-4890-9238-5303a632310c,b3b1997e-780f-4305-8155-8d9b4a9767af
0756bf6c-cde7-420b-a0b9-c99485298957,832cb2ae-26dd-4615-8f73-d919cd925647
52735922-03fd-4727-a002-03524a514898,e334688f-c327-44e9-9aa6-beffe0010dcc
3ccd5441-37d7-4b57-a119-0b8286232ab0,05b7aac9-eb16-4447-ac19-6003cc4fb2a8
26bd4064-e362-4249-b754-462d8c1c8c69,e1cab1c8-9b73-4528-b298-71e4bb53a72c
1ef0beea-b5b3-42fb-8255-fbd62877af43,13de79f4-5f69-4764-827c-cd93448c4a31
a138701e-0049-4a6e-9808-d07e7c679e5c,23aa3d58-3660-4f5d-8db6-991e0d478247
e97ff8cc-3fb8-481e-964f-f2eca6740689,d36c5c22-06ec-465d-90d3-f36ef7990f2d
63ede154-3323-45b6-a941-42423c120bb7,02f7994e-ce98-42aa-b8d1-3aafa362c738
5383a58d-c4d1-4863-8b27-33ef495e7a0b,cb79b9b3-1524-482f-a652-f41202abbd73
69608346-6276-4d1d-a5fa-e24ba55ba262,35e69caa-d9ff-4b6b-83c7-bd08ac30e7ec
7123b9d0-3a43-4f60-9dbf-c10d1d5c091a,704cab06-09d9-4347-a4ed-b4fe234f3300
848e978a-4a57-4675-b026-f3d1f4e14d88,f87ad281-e894-4619-8afc-e75ad3a84be2
307a1ba9-ed4a-435a-a3be-693ae729ccd8,36e728c0-344b-4360-994a-7bc038ab9bc9
c8166e2c-e315-46fd-9e20-e2fb62603171,976702cd-b2fe-482b-86df-d11a0c192ac3
fc0a4667-42f8-4be1-ae2d-ff6463f2d311,d9959581-6050-46c4-8a01-17183bf0b948
cae83b5a-2e7d-4999-8e71-09ba55f58135,97301027-bf63-480b-b596-49321731b613
7c1ab448-6def-4a95-80fc-2e57028f2bd9,6a40b07f-c112-48b0-9d85-ddad5358af28
cc920e9c-f99b-4be4-952e-992eaf8ae705,b68a9522-5159-4927-a942-dbee79f28aca
31583423-4a6e-406f-8b8d-13f2d58d537b,73d5f34d-1d86-4a47-8e80-785da0f47a31
a9d97fe3-020a-49a8-ac5d-5f628ebcf043,d0acd1c2-6e7f-4a4e-8e1a-7bc65bf351bf
2e2e001a-7302-486d-8662-1b9c81fbfafd,8eb10866-a800-4fb2-ad4f-b295d22dfae5
e33c7c0e-fb78-4151-bbac-80fe1932f20b,d17c9281-9d2f-4eaf-8364-4d8f2cf108a1
e845a68d-f29c-49f7-9549-3a22ea1556dc,fe483197-c71e-40e2-99e6-4fab94a11f99
e56887be-5b00-4da9-be0f-b03fcf35a7f1,517f6c7c-0901-48d8-93f5-e8f9cc95839f
d1f08b21-afdf-43e6-837e-7f8387ffb139,b32a7d25-6f2c-474b-8d77-e6cfbde12c5b
2d473afa-c484-4af4-8df8-c90c89d17acc,6582c72f-f326-4bcb-bfcc-08e697325d30
2e5d0010-2c89-4a7a-861f-754710965134,fb455135-c123-4c5f-b267-d5fef183dfbc
304eebd6-e9e1-4b10-b796-c75c8e67ccbe,8cc42424-2e72-4c4c-a43f-570f4fbac6ec
2754b2a0-0c36-4879-a201-d94bc909e077,66b4510c-07d7-4551-9c8a-8143d04ee048
59c78092-36fd-4e10-b1ce-2dbe53c92407,8b849855-6609-4c52-a2b7-2d2835b5ee83
619456e9-4ab7-4814-a759-85058241cd0f,a6539075-78a2-4065-be6d-4b1c15b09676
d4bf02f4-28b4-49cb-a466-32a41836649c,5e778d5d-e43c-41a0-83ad-81292b57b7c9
274d9867-40d9-4f54-9eaf-ec05b32ea3fe,cd9c0038-2f1b-487b-b622-ce52417c86e7
e98a1c93-e5d2-4b3c-b778-e93f9014c357,0c810b80-3381-4f53-9b8d-b9941ad9c672
4f0387f9-b0f6-4477-a4f3-26d8b0c31e28,de7916d4-bb7d-4eaf-8eee-22918c9ad100
d210628e-ca0e-4d66-8a4f-82e00424e425,cc6205db-2345-4c0f-a452-2d364d92e9ee
fba9d88b-5b99-4902-b007-49f2e6563a72,f637c132-1ec1-43a7-9d8a-19043b1cafaf
7ae7b23a-41c7-4c1e-8702-0cd01f76178f,a34e4117-ab44-4f54-835c-60e8eb7ca27d
35c65a4f-8582-4a2c-a14c-50d85514886f,40b308f2-ee3b-42f1-b9a5-136aeb3246aa
31838c2a-0feb-44ec-a3f6-1a79a26f8c17,0772a9da-b9c1-49a1-98f6-f7f8944bb443
b77bf2d3-a1af-4140-85b8-7913af0767be,af179902-6f93-4a62-9b68-2d16dd2fc0b0
a1bef326-a4c7-4850-8e86-caae7060fa14,42d69cfd-a8bf-4509-bc60-dcff2ff13430
1bafe151-e9fe-425b-a44e-3cbf8b367d93,d762e7b6-3f5f-489b-b0f6-f91bc21ea25c
71e1a0ee-e73b-470f-9ac5-3a743099001a,4713eec2-0b3c-4e9a-851c-545cb6c17738
47d325e9-52f9-4cfa-b94f-0482cda4c82c,10bcbdac-a85a-4bdf-b310-42b274a9ffb3
72025819-3321-4b9f-8745-18f967ba682f,3d111028-617f-41c0-a559-5c27e983a360
1aa296fa-6fe4-4a55-9b99-68de88bbbd2a,8ce0e29e-6850-47e4-ae8b-075519cb358a
73897751-16dc-44b5-b906-19ff848b1b75,66e6cbd9-6019-4f5d-8e5a-08f70e0a3f73
d30071b7-b693-444f-8600-ab46db0c0ffc,2786768f-cf62-48ff-8cb2-7e0d59b470f2
9ba9740a-13b3-495c-9820-3e69b2a66b19,c4f5f80c-3b44-4aa6-ad32-1bc818abf8a3
cb73bf9f-4f82-437f-ba5f-7bf2a4f5ef46,d57f47a2-f8fb-4816-bfdd-d64758e84823
3f2b5bac-2050-4b1f-a409-6f52f7071465,a5aa9103-3d63-49b0-8bc4-88cb3e80f72a
372183a8-d78b-4318-a498-2122db92ccc3,d13c2696-45c9-449d-815c-bb20095b364c
d4801993-9b62-4d43-8e7c-78a51904f73a,4fe2b54e-4ab5-4382-9395-f1ba281c977d
09e9c7b7-63c4-40c8-ab19-c6a7df41aeff,f14e1d0e-a0fc-4ea1-8b09-f2776a0f33d1
bb50dfce-8bd0-4980-b064-ba4c8411c71b,caf00f5e-38d5-4fbb-89fb-fa5d4a3032e1
887b494a-d83f-4e26-afe7-a0e37be44def,7cf6b394-443a-4dd2-b2b1-bf27560989a5
a441eadc-049b-4594-8e95-d302515b9cf7,6d4721fd-f06c-407e-8904-70b4f267f8f5
97b7609a-9cc0-4625-8e7a-4c0fac7e73fd,f15bc802-03d9-4d5a-ab29-77b4800f2931
979da85d-1891-4e30-a945-179f0b9ebd28,206a8493-2330-48a6-b125-f4ca05bc6bab
ea2d7f2e-7125-4d81-a8c0-6401c05a3f37,21b9f4c6-b777-445a-8119-300b268f06e6
177615c6-a927-4140-a8e7-2adf2cef1946,ffd95fa1-2d4d-40d6-b461-6f627f009a1c
c9b0436f-bdab-4f0e-a6ef-5e833daf9f82,580658a1-27dc-42b7-a764-51ce1377a56a
ed5cbb83-78f5-49e2-b200-cc5e094cd6f8,5a068d1f-2280-478f-9919-a944f281f48d
adad3111-4112-421b-bd9e-8696d07a39df,33c41abc-b44f-41de-96d5-361784452496
b88b0810-98ba-47a8-99e7-bd4c7345e711,0f028906-a990-44b3-9057-8954f2ae036f
b8aec0ea-b101-476d-8187-db0b0a337429,7f34d749-3c04-4166-a471-7cb4ee50a367
d014fa56-deb7-4a63-9601-ee5c53023e38,ac0c1846-35c3-4dc5-ae57-a1cdc277d622
aa82fcaa-59cb-4c27-bd41-2db6aa24f2ee,ad7debcb-3d84-4c5a-9d71-ca5bbcf80173
0ac496c9-b4a8-47e5-a759-5e665db6ccc0,7a33b229-0934-409c-991a-aa649ce998b4
49d32090-9023-40d4-ad88-8f7e64447fd9,eb9dc890-d4b5-4c5f-a48b-3f1ad5881417
b09353fe-db5e-4847-b31e-af37f2830b9d,d24ce051-859b-4762-a34f-fb6782911996
196de072-5034-4b6c-a9a8-59d6ab9db1e6,f7917583-3599-4c5e-a537-e6705f9ab57a
bc9f58a2-6cbf-4d6c-8e63-fbc484862fa1,fab7b825-ed07-4135-89f9-f73792d93d78
6cfa4831-76c7-49db-92d5-b2d93f6f7d83,7d0acfad-2f59-4730-8ab7-37e392c05b07
0246f8df-ace6-4a57-b13e-6b72fd89fd3c,f6510a53-8e9b-41cb-aba6-4d7ec8e3deef
019799d8-d849-4bb0-8487-2826225c9e9c,01c0da19-6091-4cad-affb-2bfe5d1bde0e
e37c5e2d-1485-4faf-9014-9f80e0d7298e,57ab6670-deb8-42ea-b90f-3cf3bfbc3b66
3beeba4b-79f5-4ef6-81b3-dc28108a76c2,3241e856-7ccd-44b6-b4f1-3147a19e8366
bbcbd80c-415e-49a3-9dda-d4c5845a2277,59e596c8-a75f-4558-afcd-8e690bd14cc3
5a43a92e-4435-4dbe-9d48-7c0759d5eec1,21b90d84-501c-411b-ab9d-b381cf0a9c00
df7e402d-10fe-4619-a414-37f8557ea02c,101a8e70-0fe9-41d1-af56-974d4d7d15fd
07613898-95df-46fa-9c50-827152744429,c3190377-0809-4b6c-b6f3-66a7ceb6f345
81a4aa3c-bea1-4caf-9f1d-aa4195e282a5,101cdbce-9807-4b56-bf28-dc09fb642e00
9db647ab-1056-4f21-90d8-0ab6d9ce8d9c,4eb47973-3725-4bd6-9dae-c41f8ed7dfd0
2e38f4aa-ca8b-4b69-b2a0-4dab8bc4bfe1,d7831505-73ad-48aa-89e2-8ff347100a3e
6996c783-0a1a-42f4-ad02-03a23504c353,78f47ef4-3b53-4420-a017-809147d5780a
0609f32f-24ea-41a9-8631-abc4febdbafd,30685a9b-d0b4-4996-a384-6b798025c21a
cd1b7765-9538-4ef5-97b0-e2ba044aede7,1fe5dfa9-ad09-442a-8ffa-18cf4469de5d
fc343ead-a9f4-4290-936b-d12792e41716,ec877113-2120-4098-b3e0-ac9d8a599fec
85b47497-bd20-4bfd-9c5d-392571596892,2cd01403-e07f-4956-911f-49f20f4f11aa
2bcace46-fdaa-4061-b369-45daffb23542,2b397f7f-b22b-46c8-92db-ebd0f3950930
6779f637-45f5-4a12-8afd-5b8529d32f65,7e83ae23-9aaa-48dc-bea1-69e2d353636c
ad55c81d-62ac-435a-a538-4ebe91fbd977,00ca89f7-7111-4a75-add5-c384a661d011
c0d7ca4c-98bd-4133-ae01-86e899aa73c5,594c33ef-1936-4acc-b421-a01266682c56
a1ca7fcf-31ed-429e-a7bf-b55acd33674f,05181ca2-df69-4be3-9793-0a159afb0103
9e4e9c50-1569-43b0-89ac-f8db2ab24ee6,3c79d050-3565-46e2-8e1a-afa1a8de8e6e
06f2d9cf-e8ae-4513-9e15-563eaf63aee5,33052bfa-c3d8-4752-85d0-e723b477dc29
b2211fe8-fa24-4d84-9629-35a172353f29,cb4f4ee5-30f2-4ab6-a00f-f5770fbf528d
a7f34934-49c2-4e43-ad2b-1465fed8b7a8,d3c7e0c2-92a9-401f-a260-b8d062b4a7ea
3282dd07-089e-4f6d-8f32-d1f4167e132f,7158c464-5235-4dde-ae9e-968d749d58b0
31af3962-3195-435a-a4f9-a485b9ccd3fb,6aa9a4de-a904-4fd0-b332-3b5b10fb6b95
44a5863e-17df-4d38-bf75-66dd0b07ec07,0358bbba-9b5f-4b04-aef9-c398f1bdde84
a0599f63-892d-42c2-ae44-27c814273ca0,23cebc5b-51b7-48d5-937f-6789dd955808
8994c084-4361-40db-8b60-942acb98ddcc,3f5d679e-c028-472e-8714-34529826a7ea
985efd84-a3ec-4bb7-a776-fab000faaf1c,b239d54e-3e2f-4d9d-b274-8b4051c9d819
70265164-297c-46bd-840b-8aa08c5416f3,3b62c398-7839-4445-a821-726c8ea6e6da
1f318fb7-86f0-4782-96cb-e36d5e196ab2,bda77864-de72-4907-82a9-f173b86921be
48f0425d-0fc7-4d09-a4bd-b67698c10cfd,9216af6e-550e-4d43-9d35-bf94b1a4198b
2512d0b5-a28e-4d83-958c-3a5ee9bde217,76098454-001a-48fd-bad7-5a1ea4c60ed5
b7e7a7fd-0f22-4004-be48-75b08defb1ac,ddf7749e-ac5d-4976-9575-e2ffc06c7117
f5be4172-43cf-4d05-a469-4116313996a1,faec8cb4-97a5-4dfb-b859-db46696885da
4817ed3a-a711-49a1-a8ff-e0eb36a91a2b,6ccb896b-119f-4912-8adb-42cc2668a4ec
8dc6d0f7-9e66-465b-bdf5-3c443b6b4e25,080e2516-471c-4cff-9da3-8c6271c26b6a
42a1ba9c-b0f6-4f31-b4df-0be84061f687,d616b2bb-e67f-461c-a26b-710457f0fec7